site_id,building_id,primary_use,square_feet,year_built,floor_count,EUI,chilled_water,steam,hotwater,EUIR,HDD18,CDD18,EUIC,EPIn_s,EPIn_w,EPIw_s,EPIw_w,EPIt_s,EPIt_a,NWH_sm_lv,NWH_wt_lv,WKD_sm_lv,WKD_wt_lv,TRS_sp_lv,TRS_at_lv
0,9,Office,27000,2010,0,40.9,1,0,0,79.57,326,2095,3,0.7,0.43,0.75,0.4,1.02,1.15,60.41,7.35,46.73,5.1,57.55,85.71
0,15,Office,83957,1974,0,26.5,1,0,0,73.84,326,2095,2,0.66,0.65,0.8,0.81,1.08,1.07,51.43,46.33,61.63,63.88,72.04,69.39
0,17,Office,15250,1980,0,67.4,0,0,0,86.74,326,2095,3,0.61,0.78,0.78,1.05,1.32,1.26,38.78,77.14,55.71,99.59,93.47,94.29
0,19,Office,18717,2004,0,81.2,0,0,0,88.53,326,2095,3,0.76,0.8,0.81,0.92,0.75,0.87,75.31,81.63,64.9,87.55,18.78,31.43
0,21,Office,7043,1990,0,82.2,0,0,0,88.89,326,2095,3,0.78,0.67,0.89,0.81,0.69,1.02,78.98,50.61,86.73,63.88,13.27,56.33
0,25,Office,103286,1969,0,27.8,0,0,0,75.27,326,2095,3,0.58,0.63,0.51,0.53,0.81,0.86,33.88,41.84,12.24,13.27,24.49,30.2
0,26,Office,26953,2005,0,49.1,0,0,0,82.08,326,2095,3,0.43,0.45,0.8,0.96,1.05,1.1,11.02,10.41,61.63,92.45,64.69,76.12
0,28,Office,52957,2016,0,34.7,1,0,0,78.14,326,2095,3,0.84,0.78,0.88,0.87,0.84,0.9,88.57,77.14,84.9,76.73,29.39,35.71
0,32,Office,48392,2005,0,58.7,0,0,0,84.59,326,2095,3,0.51,0.44,0.65,0.69,1.09,1.27,24.29,9.18,30.82,35.92,73.88,94.9
0,38,Office,12769,2013,0,348.3,0,0,0,91.04,326,2095,3,0.95,0.94,0.96,1.01,1.15,1.27,99.39,97.55,95.51,98.37,82.24,94.9
0,39,Office,64619,1969,0,42.5,0,0,0,80.29,326,2095,3,0.77,0.82,0.79,0.86,0.98,1.03,77.96,86.73,58.37,74.69,46.73,58.37
0,41,Office,93860,1968,0,15.8,0,0,0,57.71,326,2095,2,0.87,0.88,0.95,1.01,0.86,1.13,93.47,94.29,94.08,98.37,31.22,83.88
0,55,Office,16726,2011,0,62,1,0,0,85.3,326,2095,3,0.75,0.65,0.95,1.04,1.27,1.19,72.45,46.33,94.08,99.18,92.45,88.78
0,79,Office,36240,2010,0,137.9,0,0,0,89.96,326,2095,3,0.87,0.87,0.86,0.93,0.87,0.9,93.47,93.06,81.84,89.59,32.65,35.71
0,80,Office,156111,2001,0,88,0,0,0,89.25,326,2095,3,0.72,0.76,0.94,0.98,0.87,0.83,63.47,71.63,92.86,95.51,32.65,26.53
0,82,Office,10743,1974,0,37.5,1,0,0,78.49,326,2095,3,0.64,0.76,1.02,1.01,0.83,1.1,46.73,71.63,98.98,98.37,27.14,76.12
0,84,Office,4038,1986,0,48.1,0,0,0,81.72,326,2095,3,0.55,0.54,0.79,0.69,0.67,0.68,30,22.86,58.37,35.92,12.04,13.47
0,92,Office,10779,1970,0,64,1,0,0,85.66,326,2095,3,0.81,0.81,0.8,0.99,1.06,1.1,84.49,84.29,61.63,96.53,67.14,76.12
0,93,Office,33370,1982,0,42.8,0,0,0,80.65,326,2095,3,0.81,0.81,0.85,0.88,1.08,1.12,84.49,84.29,79.59,80.41,72.04,81.22
0,99,Office,2260,2016,0,65.7,0,0,0,86.38,326,2095,3,0.62,0.58,0.76,0.68,0.78,0.76,42.04,28.16,48.98,34.29,21.63,18.37
0,101,Office,18860,1986,0,49.6,0,0,0,82.44,326,2095,3,0.68,0.47,0.97,0.97,1.19,0.99,56.12,12.45,96.73,93.88,87.35,50.2
0,102,Office,15876,1983,0,56.8,0,0,0,83.87,326,2095,3,0.72,0.7,0.97,0.92,0.23,0.49,63.47,57.96,96.73,87.55,0.82,2.86
0,104,Office,45330,2003,0,74.9,0,0,0,88.17,326,2095,3,0.86,0.71,0.95,1,0.93,1.09,92.24,60.61,94.08,97.35,39.18,73.67
1,140,Office,50020,0,11,5.4,0,0,0,7.89,2495,200,1,0.65,0.69,0.68,0.61,0.83,1.1,48.78,54.9,34.29,19.8,27.14,76.12
1,141,Office,44789,1919,5,11.4,0,0,0,39.43,2495,200,2,0.61,0.58,0.65,0.64,0.87,1.2,38.78,28.16,30.82,26.53,32.65,89.8
1,142,Office,45348,0,4,6.8,0,0,0,17.74,2495,200,1,0.68,0.69,0.72,0.73,1.03,1.1,56.12,54.9,42.04,43.27,59.8,76.12
1,143,Office,40085,0,4,11.5,0,0,0,40.14,2495,200,2,0.54,10.57,0.61,0.52,0.75,1.06,28.57,99.59,23.67,12.04,18.78,66.33
1,146,Office,31614,1956,8,5.4,0,0,0,7.89,2495,200,1,0.79,0.81,0.82,0.83,1.52,0.81,80.41,84.29,70,67.55,97.35,22.24
1,147,Office,82548,1977,7,16.8,0,0,0,61.29,2495,200,2,0.74,0.75,0.74,0.69,1.07,1.09,70,68.16,44.9,35.92,69.39,73.67
1,148,Office,174601,1960,12,9.5,0,0,0,31.9,2495,200,2,0.51,0.44,0.63,0.5,0.76,0.89,24.29,9.18,26.12,10.61,19.59,34.08
1,149,Office,81881,1960,8,11.6,0,0,0,41.22,2495,200,2,0.67,0.64,0.86,0.8,0.99,0.93,53.88,44.29,81.84,61.43,49.59,39.59
1,150,Office,65657,1955,8,55,0,0,0,83.15,2495,200,3,0.75,0.75,0.8,0.77,0.9,0.93,72.45,68.16,61.63,55.1,36.33,39.59
1,151,Office,30495,1997,8,14.7,0,0,0,55.2,2495,200,2,0.62,0.54,0.66,0.58,0.66,0.96,42.04,22.86,32.24,18.16,11.22,44.69
1,152,Office,10301,1970,2,11.6,0,0,0,41.22,2495,200,2,0.66,0.62,0.72,0.64,1.35,1.22,51.43,38.78,42.04,26.53,94.29,91.02
1,153,Office,16092,1965,3,11.2,0,0,0,39.07,2495,200,2,0.66,0.68,0.63,0.69,0.91,1.05,51.43,52.45,26.12,35.92,37.55,64.69
1,154,Office,34455,1907,8,58.2,0,0,0,84.23,2495,200,3,0.76,0.77,0.74,0.74,1.03,0.89,75.31,74.69,44.9,45.71,59.8,34.08
1,155,Office,51688,1930,8,13.8,0,0,0,53.23,2495,200,2,0.66,0.65,0.69,0.76,1.09,1.02,51.43,46.33,36.33,50.82,73.88,56.33
2,157,Office,5258,0,0,144,0,0,0,90.68,461,3000,3,0.49,0.5,0.84,0.79,0.78,0.92,18.78,16.33,77.14,60,21.63,37.96
2,158,Office,10135,0,0,15.5,0,0,0,57.35,461,3000,2,0.44,0.63,0.62,0.62,0.57,0.66,12.45,41.84,24.49,21.84,5.31,10.41
2,171,Office,131797,1968,0,2.4,1,0,1,0.36,461,3000,1,0.22,0.5,0.9,0.65,2.56,0.76,1.02,16.33,87.96,28.98,100,18.37
2,172,Office,121440,1983,0,8.6,1,0,0,27.78,461,3000,2,0.71,0.75,0.77,0.74,1.25,1.12,61.43,68.16,52.45,45.71,91.22,81.22
2,178,Office,23392,0,0,10.3,1,0,0,36.2,461,3000,2,0.57,0.43,0.52,0.38,1.13,1.15,32.65,7.35,13.27,4.49,79.8,85.71
2,188,Office,23549,1941,0,7.1,1,0,0,20.61,461,3000,1,0.75,0.62,0.78,0.65,0.86,0.82,72.45,38.78,55.71,28.98,31.22,24.29
2,194,Office,155682,0,0,6.8,1,0,0,17.74,461,3000,1,0.65,0.7,0.81,0.88,0.94,1.07,48.78,57.96,64.9,80.41,40,69.39
2,198,Office,163959,2004,0,7.1,1,0,0,20.61,461,3000,1,0.65,0.76,0.59,0.75,1.02,0.81,48.78,71.63,21.43,47.55,57.55,22.24
2,226,Office,74180,1930,0,6,1,0,1,11.83,461,3000,1,0.54,0.51,0.83,0.88,1.01,0.94,28.57,19.18,74.69,80.41,55.51,41.22
2,238,Office,45017,0,0,25.4,1,0,0,73.12,461,3000,2,0.84,0.81,0.92,0.97,1.05,0.94,88.57,84.29,90.61,93.88,64.69,41.22
2,246,Office,202435,1967,0,15.4,1,0,1,56.81,461,3000,2,0.85,0.86,0.89,0.88,1.02,1,90.61,91.84,86.73,80.41,57.55,53.06
2,264,Office,83660,1973,0,11.7,1,0,1,42.11,461,3000,2,0.8,0.79,0.76,0.75,1.19,1.2,82.65,79.59,48.98,47.55,87.35,89.8
2,265,Office,118966,1988,0,9,1,0,0,29.57,461,3000,2,0.51,0.62,0.64,0.62,1.01,1.04,24.29,38.78,28.37,21.84,55.51,61.84
2,270,Office,29778,0,0,6.6,1,0,0,16.49,461,3000,1,0.46,0.41,0.42,0.33,1.03,1.17,15.1,5.1,5.51,2.45,59.8,87.76
2,273,Office,140345,0,0,10.4,1,0,0,36.56,461,3000,2,0.62,0.77,0.64,0.88,1.38,1.28,42.04,74.69,28.37,80.41,95.1,95.51
2,274,Office,42214,1985,0,6.6,0,0,0,16.49,461,3000,1,0.32,0.44,0.46,0.41,0.46,0.64,4.49,9.18,8.57,6.12,2.45,8.16
2,275,Office,70832,2014,0,17.9,0,0,0,63.44,461,3000,2,0.73,0.7,0.79,0.73,0.77,0.84,66.73,57.96,58.37,43.27,20.2,28.57
2,276,Office,70837,2014,0,22.2,0,0,0,69.18,461,3000,2,0.74,0.76,0.82,0.78,0.78,0.88,70,71.63,70,58.16,21.63,32.45
2,278,Office,148101,0,0,9.5,0,0,0,31.9,461,3000,2,0.47,0.56,0.59,0.67,0.7,0.73,15.71,25.1,21.43,32.65,14.69,15.92
2,282,Office,28750,0,0,5.7,1,0,0,10.04,461,3000,1,0.48,0.4,0.44,0.34,1.12,1.08,16.73,4.29,6.73,2.86,78.57,72.24
2,287,Office,33713,1956,0,9.5,1,0,1,31.9,461,3000,2,0.67,0.59,0.74,0.62,1.05,1.07,53.88,31.84,44.9,21.84,64.69,69.39
2,290,Office,51732,1966,0,11.8,1,0,0,43.19,461,3000,2,0.24,0.36,0.91,0.78,1,1.04,1.84,1.84,89.18,58.16,52.65,61.84
3,293,Office,408000,2010,0,12.7,0,0,0,47.31,2042,1135,2,0.78,0.72,0.76,0.77,0.92,0.89,78.98,62.45,48.98,55.1,38.57,34.08
3,305,Office,8637,0,0,53.6,0,0,0,82.8,2042,1135,3,0.59,0.8,0.77,0.86,0.53,0.64,35.51,81.63,52.45,74.69,4.9,8.16
3,317,Office,16098,0,0,23.4,0,0,0,71.68,2042,1135,2,0.65,0.58,0.71,0.76,0.71,0.48,48.78,28.16,39.59,50.82,16.12,2.45
3,318,Office,105000,0,0,19.3,0,0,0,65.95,2042,1135,2,0.91,0.95,0.97,0.98,0.63,0.63,97.96,98.16,96.73,95.51,8.98,6.94
3,335,Office,229000,2010,0,16.1,0,0,0,58.78,2042,1135,2,0.37,0.54,0.48,0.62,0.96,0.91,6.73,22.86,10.2,21.84,42.65,36.73
3,375,Office,850354,1989,0,21.6,0,0,0,67.74,2042,1135,2,0.77,0.85,0.81,0.86,0.88,0.86,77.96,91.02,64.9,74.69,34.08,30.2
3,376,Office,585955,1942,0,13.6,0,0,0,51.79,2042,1135,2,0.9,0.84,0.91,0.84,0.58,0.83,96.73,89.8,89.18,70.61,6.12,26.53
3,384,Office,13728,0,0,13,0,0,0,48.92,2042,1135,2,0.79,0.89,0.95,0.92,0.74,0.64,80.41,95.51,94.08,87.55,17.96,8.16
3,390,Office,34400,0,0,21.7,0,0,0,68.28,2042,1135,2,0.41,0.68,0.67,0.75,0.83,0.76,9.39,52.45,32.86,47.55,27.14,18.37
3,435,Office,29916,2002,0,16,0,0,0,58.24,2042,1135,2,0.56,0.7,0.64,0.67,0.7,0.91,31.43,57.96,28.37,32.65,14.69,36.73
3,439,Office,62205,0,0,14.3,0,0,0,54.12,2042,1135,2,0.72,0.66,0.82,0.77,0.78,0.76,63.47,48.78,70,55.1,21.63,18.37
3,448,Office,328760,1904,0,18.4,0,0,0,64.52,2042,1135,2,0.84,0.71,0.82,0.78,0.98,0.93,88.57,60.61,70,58.16,46.73,39.59
3,465,Office,6400,0,0,44.9,0,0,0,81,2042,1135,3,0.76,0.77,1.02,0.95,0.58,0.54,75.31,74.69,98.98,91.84,6.12,5.31
3,468,Office,40000,0,0,12.9,0,0,0,48.21,2042,1135,2,0.67,0.61,0.87,0.97,0.61,0.65,53.88,36.53,83.47,93.88,7.96,9.59
3,475,Office,474680,1986,0,16.7,0,0,0,60.75,2042,1135,2,0.84,0.81,0.85,0.93,0.75,0.8,88.57,84.29,79.59,89.59,18.78,21.02
3,480,Office,30000,0,0,4.9,0,0,0,4.12,2042,1135,1,0.56,0.66,0.63,0.73,0.6,0.67,31.43,48.78,26.12,43.27,7.35,11.84
3,520,Office,27600,0,0,16.5,0,0,0,59.86,2042,1135,2,0.24,0.38,0.45,0.4,0.67,0.77,1.84,3.06,7.55,5.1,12.04,19.59
3,522,Office,8000,0,0,22.2,0,0,0,69.18,2042,1135,2,0.74,0.82,1,0.97,0.73,0.76,70,86.73,97.55,93.88,17.14,18.37
3,551,Office,30525,0,0,61.9,0,0,0,84.95,2042,1135,3,0.84,0.88,0.93,0.92,0.7,0.81,88.57,94.29,91.84,87.55,14.69,22.24
3,558,Office,89315,0,0,3.4,0,0,0,1.43,2042,1135,1,0.83,0.78,0.85,0.77,0.48,0.45,86.94,77.14,79.59,55.1,2.86,1.43
3,560,Office,340000,2010,0,16.5,0,0,0,59.86,2042,1135,2,0.38,0.32,0.44,0.32,0.82,0.69,7.55,1.22,6.73,1.84,25.51,14.69
3,561,Office,295000,0,0,27.5,0,0,0,74.55,2042,1135,2,0.49,0.38,0.57,0.36,0.91,0.82,18.78,3.06,19.18,3.47,37.55,24.29
3,563,Office,31346,0,0,14.8,0,0,0,55.73,2042,1135,2,0.62,0.62,0.78,0.78,0.59,0.51,42.04,38.78,55.71,58.16,6.94,4.29
5,684,Office,152471,1919,3,6.3,0,0,0,13.98,2650,49,1,0.59,0.54,0.69,0.61,1.25,1.33,35.51,22.86,36.33,19.8,91.22,96.94
5,685,Office,270034,1976,5,11.9,0,0,0,44.44,2650,49,2,0.59,0.5,0.58,0.46,1.02,1.04,35.51,16.33,20.41,8.37,57.55,61.84
5,687,Office,36221,1976,4,9.3,0,0,0,30.65,2650,49,2,0.22,0.2,0.24,0.13,2.05,0.26,1.02,0.61,1.63,0.41,99.59,0.41
5,688,Office,52302,1966,2,2.8,0,0,0,0.72,2650,49,1,0.5,0.43,0.5,0.32,1.71,2.06,21.43,7.35,11.22,1.84,97.96,99.59
5,689,Office,11442,1976,1,11.7,0,0,0,42.11,2650,49,2,0.49,0.5,0.6,0.66,0.94,0.87,18.78,16.33,22.65,30.82,40,31.43
5,693,Office,57436,1976,3,12.3,0,0,0,46.24,2650,49,2,0.49,0.46,0.45,0.42,0.82,0.75,18.78,11.43,7.55,7.14,25.51,16.94
6,746,Office,17879,0,0,29.1,0,0,0,76.34,2063,1018,3,0.83,0.87,0.82,0.88,1.08,1.04,86.94,93.06,70,80.41,72.04,61.84
6,748,Office,32766,0,0,9.6,1,0,0,32.97,2063,1018,2,0.69,0.72,0.71,0.73,1.17,1.16,58.37,62.45,39.59,43.27,85.1,86.94
6,755,Office,42129,0,0,5.1,1,0,0,5.38,2063,1018,1,0.47,0.49,0.55,0.61,1.39,1.23,15.71,14.29,15.92,19.8,95.51,91.63
6,760,Office,49990,0,0,28.1,0,0,0,75.99,2063,1018,3,0.49,0.47,0.77,0.96,1.44,1.38,18.78,12.45,52.45,92.45,96.33,98.37
6,766,Office,64818,0,0,10.2,0,1,0,35.84,2063,1018,2,0.45,0.5,0.52,0.52,0.64,0.67,14.08,16.33,13.27,12.04,9.59,11.84
6,767,Office,70042,0,0,25.2,1,1,0,72.76,2063,1018,2,0.82,0.83,0.82,0.89,1.12,0.96,85.71,88.16,70,84.08,78.57,44.69
6,775,Office,104355,0,0,13.1,0,0,0,49.46,2063,1018,2,0.8,0.82,0.82,0.83,1.06,1.06,82.65,86.73,70,67.55,67.14,66.33
6,776,Office,104667,0,0,7.2,1,1,0,21.51,2063,1018,1,0.53,0.56,0.68,0.65,1.08,0.98,27.35,25.1,34.29,28.98,72.04,48.16
9,874,Office,181805,0,0,22.2,1,0,0,69.18,710,1941,2,0.69,0.77,0.88,0.89,1.11,1.08,58.37,74.69,84.9,84.08,76.94,72.24
9,910,Office,60096,0,0,9.2,1,1,0,30.11,710,1941,2,0.59,0.63,0.8,0.84,1.04,1.01,35.51,41.84,61.63,70.61,61.84,55.31
9,930,Office,20917,0,0,8.4,0,0,0,26.7,710,1941,2,0.73,0.75,1.01,0.98,1.08,1.04,66.73,68.16,98.16,95.51,72.04,61.84
9,935,Office,16135,0,0,11.1,1,0,0,38.71,710,1941,2,0.8,0.8,0.82,0.83,1.04,1.03,82.65,81.63,70,67.55,61.84,58.37
9,945,Office,332447,0,0,7.2,1,1,0,21.51,710,1941,1,0.61,0.59,0.65,0.63,0.95,1.04,38.78,31.84,30.82,23.88,41.22,61.84
9,951,Office,103924,0,0,12.2,1,1,0,45.7,710,1941,2,0.76,0.74,0.91,0.82,1.07,1.15,75.31,65.92,89.18,65.92,69.39,85.71
9,956,Office,86167,0,0,5.1,1,1,0,5.38,710,1941,1,0.43,0.42,0.56,0.42,0.97,1.03,11.02,5.92,17.96,7.14,44.29,58.37
9,973,Office,193960,0,0,7.4,1,1,0,22.58,710,1941,1,0.63,0.63,0.65,0.65,1.11,1.11,45.1,41.84,30.82,28.98,76.94,78.57
9,977,Office,8837,0,0,71.5,0,0,0,87.46,710,1941,3,0.65,0.65,0.77,0.77,0.88,1.3,48.78,46.33,52.45,55.1,34.08,95.92
9,985,Office,34758,0,0,5.9,0,0,0,10.93,710,1941,1,0.71,0.69,0.75,0.75,0.95,1.06,61.43,54.9,46.73,47.55,41.22,66.33
9,986,Office,34072,0,0,13.6,0,0,0,51.79,710,1941,2,0.55,0.6,0.77,0.86,0.77,0.83,30,34.49,52.45,74.69,20.2,26.53
9,988,Office,24463,0,0,11.8,0,0,0,43.19,710,1941,2,0.89,0.87,0.94,0.94,1,1,95.51,93.06,92.86,91.02,52.65,53.06
9,990,Office,82939,0,0,9.5,1,0,0,31.9,710,1941,2,0.51,0.43,0.64,0.56,1.07,1.1,24.29,7.35,28.37,16.73,69.39,76.12
9,992,Office,51483,0,0,5,1,1,0,4.66,710,1941,1,0.52,0.52,0.55,0.53,1.1,1.11,26.33,21.02,15.92,13.27,75.31,78.57
9,997,Office,38173,0,0,11.8,1,1,0,43.19,710,1941,2,0.51,0.66,0.5,0.63,0.99,0.97,24.29,48.78,11.22,23.88,49.59,46.53
10,1005,Office,26325,0,1,6.5,0,0,0,15.77,3100,780,1,0.55,0.63,1.29,0.64,1.025,0.82,30,41.84,99.59,26.53,58.78,24.29
10,1006,Office,26948,0,1,16,0,0,0,58.24,3100,780,2,0.73,0.88,0.79,0.88,1.41,1.36,66.73,94.29,58.37,80.41,95.92,97.76
10,1007,Office,41933,0,2,7.9,0,0,0,24.01,3100,780,1,0.45,0.62,0.55,0.64,0.73,0.65,14.08,38.78,15.92,26.53,17.14,9.59
10,1014,Office,43094,0,3,10.8,0,0,0,37.63,3100,780,2,0.32,0.51,0.31,0.54,0.9,0.89,4.49,19.18,2.65,14.69,36.33,34.08
12,1035,Office,14585,0,0,9,0,0,0,29.57,3011,36,2,0.63,0.67,0.82,0.8,0.98,1,45.1,50.61,70,61.43,46.73,53.06
12,1036,Office,54207,0,0,6.9,0,0,0,18.64,3011,36,1,0.49,0.51,0.65,0.64,0.99,0.96,18.78,19.18,30.82,26.53,49.59,44.69
12,1040,Office,126960,0,0,16.7,0,0,0,60.75,3011,36,2,0.57,0.6,0.72,0.71,1,0.95,32.65,34.49,42.04,38.16,52.65,42.65
12,1042,Office,29547,0,0,21.7,0,0,0,68.28,3011,36,2,0.62,0.6,0.72,0.69,0.94,0.89,42.04,34.49,42.04,35.92,40,34.08
12,1043,Office,27889,0,0,41.9,0,0,0,79.93,3011,36,3,0.86,0.86,0.92,0.94,1.01,0.95,92.24,91.84,90.61,91.02,55.51,42.65
12,1045,Office,33530,0,0,4.5,0,0,0,2.87,3011,36,1,0.44,0.49,0.58,0.63,1.16,1.05,12.45,14.29,20.41,23.88,83.47,64.69
12,1050,Office,50493,0,2,4.6,0,0,0,3.23,3011,36,1,0.48,0.53,0.6,0.63,1.05,1,16.73,21.63,22.65,23.88,64.69,53.06
12,1053,Office,21582,0,0,6.4,0,0,0,15.05,3011,36,1,0.59,0.58,0.75,0.71,1.11,1.08,35.51,28.16,46.73,38.16,76.94,72.24
12,1065,Office,12152,0,0,8.3,0,0,0,25.63,3011,36,2,0.44,0.43,0.55,0.55,1.52,1.33,12.45,7.35,15.92,15.71,97.35,96.94
13,1071,Office,10385,0,0,9.9,0,0,0,34.59,3588,617,2,0.57,0.55,0.56,0.54,0.83,0.69,32.65,24.08,17.96,14.69,27.14,14.69
13,1073,Office,194111,0,0,13.8,1,1,0,53.23,3588,617,2,0.88,0.89,0.88,0.88,0.97,1.56,94.49,95.51,84.9,80.41,44.29,98.78
13,1074,Office,89858,0,0,6,1,0,0,11.83,3588,617,1,0.5,0.45,0.46,0.41,1.14,1.07,21.43,10.41,8.57,6.12,81.02,69.39
13,1075,Office,72709,0,0,4,0,1,0,2.15,3588,617,1,0.65,0.58,0.55,0.56,1,0.99,48.78,28.16,15.92,16.73,52.65,50.2
13,1082,Office,57394,0,0,13.2,0,0,0,49.82,3588,617,2,0.68,0.76,0.72,0.73,0.64,0.83,56.12,71.63,42.04,43.27,9.59,26.53
13,1084,Office,122922,0,0,22.8,1,0,0,70.61,3588,617,2,0.76,0.77,0.9,0.89,0.95,1.02,75.31,74.69,87.96,84.08,41.22,56.33
13,1086,Office,143973,0,0,17.4,0,1,0,62.54,3588,617,2,0.79,0.68,0.77,0.65,0.7,0.75,80.41,52.45,52.45,28.98,14.69,16.94
13,1087,Office,56569,0,0,4.4,0,0,0,2.51,3588,617,1,0.44,0.48,0.39,0.41,0.78,0.86,12.45,13.27,4.69,6.12,21.63,30.2
13,1089,Office,62837,0,0,34,0,1,0,77.78,3588,617,3,0.76,0.83,0.82,0.86,0.65,0.74,75.31,88.16,70,74.69,10.41,16.33
13,1090,Office,305047,0,0,11,1,1,0,38.35,3588,617,2,0.41,0.6,0.52,0.66,0.79,0.71,9.39,34.49,13.27,30.82,23.06,15.51
13,1092,Office,105167,0,0,56.5,1,1,0,83.51,3588,617,3,0.94,0.95,0.93,0.93,0.85,0.92,98.78,98.16,91.84,89.59,30.61,37.96
13,1093,Office,47578,0,0,4.7,1,1,0,3.58,3588,617,1,0.32,0.41,0.52,0.51,0.68,0.69,4.49,5.1,13.27,11.22,12.65,14.69
13,1094,Office,70852,0,0,64.8,1,1,0,86.02,3588,617,3,0.51,0.71,0.68,0.76,0.98,9.72,24.29,60.61,34.29,50.82,46.73,100
13,1097,Office,157545,0,0,10,1,1,0,35.13,3588,617,2,0.76,0.68,0.81,0.76,1.07,1.07,75.31,52.45,64.9,50.82,69.39,69.39
13,1098,Office,131745,0,0,5.4,1,1,0,7.89,3588,617,1,0.26,0.2,0.22,0.18,1.12,1.05,2.45,0.61,1.02,0.82,78.57,64.69
13,1101,Office,71936,0,0,7.4,1,0,0,22.58,3588,617,1,0.6,0.59,0.55,0.63,1.22,1.24,36.94,31.84,15.92,23.88,89.59,92.65
13,1102,Office,87187,0,0,6.2,0,1,0,13.08,3588,617,1,0.8,0.79,0.84,0.88,0.83,0.89,82.65,79.59,77.14,80.41,27.14,34.08
13,1106,Office,92099,0,0,8.8,0,1,0,28.49,3588,617,2,0.31,0.56,0.29,0.53,0.69,0.6,3.47,25.1,2.04,13.27,13.27,6.33
13,1109,Office,102191,0,0,15.4,1,1,0,56.81,3588,617,2,0.85,0.81,0.87,0.88,1.04,1,90.61,84.29,83.47,80.41,61.84,53.06
13,1111,Office,67839,0,0,6.9,0,1,0,18.64,3588,617,1,0.31,0.61,0.82,0.66,0.49,0.45,3.47,36.53,70,30.82,3.27,1.43
13,1113,Office,33401,0,0,3.2,0,0,0,1.08,3588,617,1,0.81,0.86,0.96,0.92,0.81,0.82,84.49,91.84,95.51,87.55,24.49,24.29
13,1117,Office,111424,0,0,6.9,0,1,0,18.64,3588,617,1,0.35,0.49,0.88,0.81,0.98,1.06,6.12,14.29,84.9,63.88,46.73,66.33
13,1119,Office,119509,0,0,6.4,1,1,0,15.05,3588,617,1,0.5,0.51,0.71,0.68,1.12,1.09,21.43,19.18,39.59,34.29,78.57,73.67
13,1122,Office,84365,0,0,8,1,0,0,24.73,3588,617,1,0.72,0.65,0.68,0.61,1.26,1.25,63.47,46.33,34.29,19.8,91.84,93.67
13,1123,Office,92994,0,0,3.8,0,0,0,1.79,3588,617,1,0.51,0.51,0.39,0.44,0.61,0.67,24.29,19.18,4.69,7.76,7.96,11.84
13,1127,Office,87131,0,0,12.5,1,0,0,46.95,3588,617,2,0.73,0.7,0.82,0.86,0.96,0.88,66.73,57.96,70,74.69,42.65,32.45
13,1128,Office,58703,0,0,11.6,0,0,0,41.22,3588,617,2,0.67,0.76,0.7,0.76,1.09,0.98,53.88,71.63,37.96,50.82,73.88,48.16
13,1129,Office,133100,0,0,8.4,1,1,0,26.7,3588,617,2,0.66,0.64,0.77,0.73,1.16,1.12,51.43,44.29,52.45,43.27,83.47,81.22
13,1131,Office,25463,0,0,11.9,0,0,0,44.44,3588,617,2,0.61,0.59,0.58,0.57,0.7,0.6,38.78,31.84,20.41,17.55,14.69,6.33
13,1133,Office,82302,0,0,13.9,1,1,0,53.76,3588,617,2,0.72,0.71,0.72,0.72,1.05,1.04,63.47,60.61,42.04,40.61,64.69,61.84
13,1134,Office,152946,0,0,8,0,0,0,24.73,3588,617,1,0.53,0.51,0.62,0.58,0.9,0.8,27.35,19.18,24.49,18.16,36.33,21.02
13,1136,Office,79782,0,0,5.7,1,0,0,10.04,3588,617,1,0.4,0.5,0.36,0.46,0.97,0.95,8.37,16.33,3.88,8.37,44.29,42.65
13,1137,Office,27452,0,0,6.2,1,0,0,13.08,3588,617,1,0.43,0.42,0.47,0.49,1.15,1,11.02,5.92,9.59,10,82.24,53.06
13,1139,Office,336650,0,0,30.7,1,1,0,76.7,3588,617,3,0.69,0.84,0.67,0.88,0.5,0.52,58.37,89.8,32.86,80.41,3.67,4.9
13,1142,Office,103718,0,0,5.4,1,0,0,7.89,3588,617,1,0.42,0.48,0.43,0.47,1.04,1.04,10.2,13.27,6.12,9.18,61.84,61.84
13,1143,Office,96612,0,0,7,1,1,0,19.71,3588,617,1,0.52,0.58,0.6,0.56,0.84,0.87,26.33,28.16,22.65,16.73,29.39,31.43
13,1144,Office,152312,0,0,25.7,1,0,0,73.48,3588,617,2,0.87,0.9,0.89,0.9,1,0.99,93.47,96.33,86.73,85.31,52.65,50.2
13,1148,Office,861524,0,0,9.5,1,1,0,31.9,3588,617,2,0.74,0.73,0.71,0.71,0.96,0.95,70,64.29,39.59,38.16,42.65,42.65
13,1149,Office,293990,0,0,12.2,0,1,0,45.7,3588,617,2,0.5,0.58,0.69,0.67,0.83,0.82,21.43,28.16,36.33,32.65,27.14,24.29
13,1150,Office,196043,0,0,6.3,1,1,0,13.98,3588,617,1,0.69,0.37,0.79,0.67,1.24,1.2,58.37,2.45,58.37,32.65,90.41,89.8
13,1151,Office,267536,0,0,23.3,1,1,0,71.33,3588,617,2,0.65,0.8,0.79,0.88,0.38,0.5,48.78,81.63,58.37,80.41,1.63,3.47
13,1152,Office,118858,0,0,32.1,1,1,0,77.42,3588,617,3,0.63,0.81,1.01,0.83,1.06,1.07,45.1,84.29,98.16,67.55,67.14,69.39
13,1159,Office,671507,0,0,18.6,1,1,0,64.87,3588,617,2,0.74,0.72,0.78,0.83,0.58,0.64,70,62.45,55.71,67.55,6.12,8.16
13,1160,Office,80205,0,0,4.9,1,0,0,4.12,3588,617,1,0.4,0.46,0.31,0.36,0.62,0.64,8.37,11.43,2.65,3.47,8.57,8.16
13,1161,Office,53077,0,0,5.2,1,0,0,6.09,3588,617,1,0.5,0.5,0.53,0.49,1.27,1.24,21.43,16.33,14.29,10,92.45,92.65
13,1162,Office,72958,0,0,5.6,1,1,0,9.32,3588,617,1,0.53,0.64,0.62,0.63,1.46,1.32,27.35,44.29,24.49,23.88,96.73,96.33
13,1164,Office,249457,0,0,22.6,1,1,0,70.07,3588,617,2,0.67,0.76,0.76,0.97,0.33,0.37,53.88,71.63,48.98,93.88,1.22,0.82
13,1165,Office,28991,0,0,6.3,0,0,0,13.98,3588,617,1,0.29,0.58,0.22,0.55,0.52,0.51,2.86,28.16,1.02,15.71,4.29,4.29
13,1166,Office,63771,0,0,8.8,0,0,0,28.49,3588,617,2,0.67,0.68,0.6,0.64,0.84,0.79,53.88,52.45,22.65,26.53,29.39,20.2
13,1167,Office,52748,0,0,8.6,1,1,0,27.78,3588,617,2,0.41,0.56,0.46,0.74,2.02,1.12,9.39,25.1,8.57,45.71,99.18,81.22
13,1168,Office,577101,0,0,27.2,1,1,0,74.19,3588,617,2,0.72,0.7,0.86,0.77,0.41,0.59,63.47,57.96,81.84,55.1,2.04,5.71
13,1170,Office,59476,0,0,5.5,0,0,0,8.96,3588,617,1,0.7,0.7,0.69,0.68,0.79,0.81,60.41,57.96,36.33,34.29,23.06,22.24
13,1177,Office,20444,0,0,11.8,1,0,0,43.19,3588,617,2,0.6,0.66,0.86,0.86,1.04,0.97,36.94,48.78,81.84,74.69,61.84,46.53
13,1185,Office,129532,0,0,7.8,1,1,0,23.66,3588,617,1,0.69,0.69,0.63,0.64,1.18,1.15,58.37,54.9,26.12,26.53,86.33,85.71
13,1188,Office,37096,0,0,7,0,0,0,19.71,3588,617,1,0.82,0.82,0.8,0.8,0.73,0.82,85.71,86.73,61.63,61.43,17.14,24.29
13,1189,Office,98212,0,0,22.9,1,1,0,70.97,3588,617,2,0.88,0.89,0.86,0.91,1.07,1,94.49,95.51,81.84,86.12,69.39,53.06
13,1190,Office,39807,0,0,5.9,0,0,0,10.93,3588,617,1,0.63,0.74,0.57,0.71,0.84,0.79,45.1,65.92,19.18,38.16,29.39,20.2
13,1193,Office,106511,0,0,6.1,1,0,0,12.54,3588,617,1,0.38,0.36,0.35,0.31,1.21,1.15,7.55,1.84,3.27,1.22,88.98,85.71
13,1194,Office,35829,0,0,11.5,0,0,0,40.14,3588,617,2,0.69,0.75,0.7,0.71,0.71,0.68,58.37,68.16,37.96,38.16,16.12,13.47
13,1195,Office,16472,0,0,141.7,0,0,0,90.32,3588,617,3,0.48,0.91,0.56,1,0.18,0.5,16.73,96.73,17.96,97.35,0.41,3.47
13,1202,Office,16805,0,0,98.7,1,0,0,89.61,3588,617,3,0.91,0.96,0.93,0.99,1,1,97.96,98.78,91.84,96.53,52.65,53.06
13,1206,Office,99946,0,0,7.4,1,1,0,22.58,3588,617,1,0.61,0.6,0.63,0.61,0.98,0.98,38.78,34.49,26.12,19.8,46.73,48.16
13,1210,Office,92500,0,0,12.9,1,1,0,48.21,3588,617,2,0.74,0.76,0.76,0.76,0.97,1,70,71.63,48.98,50.82,44.29,53.06
13,1211,Office,94988,0,0,5.3,1,1,0,6.63,3588,617,1,0.49,0.46,0.5,0.51,1.14,1.07,18.78,11.43,11.22,11.22,81.02,69.39
13,1214,Office,195437,0,0,13.7,1,1,0,52.69,3588,617,2,0.73,0.7,0.74,0.72,1.07,1.03,66.73,57.96,44.9,40.61,69.39,58.37
13,1216,Office,15269,0,0,13,1,0,0,48.92,3588,617,2,0.67,0.6,0.7,0.66,1.07,1.04,53.88,34.49,37.96,30.82,69.39,61.84
13,1219,Office,91316,0,0,10.7,1,1,0,37.28,3588,617,2,0.45,0.54,0.42,0.53,1.14,1.07,14.08,22.86,5.51,13.27,81.02,69.39
13,1221,Office,29062,0,0,5.3,0,0,0,6.63,3588,617,1,0.13,0.44,0.12,0.37,0.52,0.68,0.41,9.18,0.41,4.08,4.29,13.47
14,1223,Office,52141,0,0,8.4,1,0,1,26.7,2578,844,2,0.86,0.92,0.91,0.88,1.17,0.46,92.24,97.14,89.18,80.41,85.1,2.04
14,1224,Office,23481,0,0,10.9,1,0,1,37.99,2578,844,2,0.74,0.61,0.83,0.93,1.16,1.12,70,36.53,74.69,89.59,83.47,81.22
14,1225,Office,122746,0,0,13.3,1,1,0,50.18,2578,844,2,0.9,0.73,0.82,0.84,1.17,1.17,96.73,64.29,70,70.61,85.1,87.76
14,1228,Office,162549,0,0,7,1,0,1,19.71,2578,844,1,0.54,0.51,0.55,0.72,1.32,1.25,28.57,19.18,15.92,40.61,93.47,93.67
14,1229,Office,27646,0,0,5.1,1,0,1,5.38,2578,844,1,0.89,0.74,0.83,0.79,0.98,0.99,95.51,65.92,74.69,60,46.73,50.2
14,1230,Office,22524,0,0,10.1,1,0,1,35.48,2578,844,2,0.63,0.63,0.77,0.76,1.08,1.03,45.1,41.84,52.45,50.82,72.04,58.37
14,1236,Office,61756,0,0,9.8,1,0,1,33.87,2578,844,2,0.76,0.74,0.82,0.81,0.91,0.93,75.31,65.92,70,63.88,37.55,39.59
14,1237,Office,42755,0,0,9.8,1,0,1,33.87,2578,844,2,0.5,0.61,0.77,0.76,1.14,1.24,21.43,36.53,52.45,50.82,81.02,92.65
14,1238,Office,129707,0,0,5.7,1,1,0,10.04,2578,844,1,0.64,0.63,0.74,0.72,1.36,1.36,46.73,41.84,44.9,40.61,94.69,97.76
14,1239,Office,31300,0,0,11.5,1,1,0,40.14,2578,844,2,0.95,0.97,0.77,0.74,1.06,1.13,99.39,99.18,52.45,45.71,67.14,83.88
14,1242,Office,23871,0,0,8.3,1,0,1,25.63,2578,844,2,0.33,0.4,0.57,0.54,1.05,1.23,5.31,4.29,19.18,14.69,64.69,91.63
14,1246,Office,50327,0,0,8,1,0,1,24.73,2578,844,1,0.69,0.64,0.86,0.81,1.18,1.21,58.37,44.29,81.84,63.88,86.33,90.61
14,1248,Office,78002,0,0,6.7,1,1,0,17.2,2578,844,1,0.56,0.58,0.81,0.84,1.13,1.07,31.43,28.16,64.9,70.61,79.8,69.39
14,1249,Office,159384,0,0,19.1,1,1,1,65.59,2578,844,2,0.83,0.84,0.92,0.92,1.04,1.1,86.94,89.8,90.61,87.55,61.84,76.12
14,1255,Office,23702,0,0,12,1,0,1,45.16,2578,844,2,0.85,0.79,0.71,0.81,1.02,0.67,90.61,79.59,39.59,63.88,57.55,11.84
14,1256,Office,37917,0,0,11.9,0,1,0,44.44,2578,844,2,0.9,0.75,0.83,0.78,0.65,0.67,96.73,68.16,74.69,58.16,10.41,11.84
14,1257,Office,61274,0,0,27.6,0,0,0,74.91,2578,844,2,0.91,0.79,0.84,0.87,0.81,0.84,97.96,79.59,77.14,76.73,24.49,28.57
14,1260,Office,86455,0,0,6.6,1,0,1,16.49,2578,844,1,0.62,0.62,0.64,0.79,1.11,1.13,42.04,38.78,28.37,60,76.94,83.88
14,1261,Office,42942,0,0,31.6,0,0,0,77.06,2578,844,3,0.85,0.78,0.85,0.85,0.84,0.84,90.61,77.14,79.59,72.86,29.39,28.57
14,1262,Office,65000,0,0,14.6,1,0,1,54.84,2578,844,2,0.74,0.58,0.75,0.76,1.17,1.12,70,28.16,46.73,50.82,85.1,81.22
14,1268,Office,43007,0,0,9.7,1,0,1,33.33,2578,844,2,0.51,0.73,0.89,0.9,1.74,1.13,24.29,64.29,86.73,85.31,98.37,83.88
14,1273,Office,104089,0,0,12.8,1,0,1,47.67,2578,844,2,0.34,0.39,0.36,0.78,1.19,1.1,5.71,3.67,3.88,58.16,87.35,76.12
14,1274,Office,17077,0,0,22.6,1,0,1,70.07,2578,844,2,0.76,0.62,0.81,0.74,1.86,1.75,75.31,38.78,64.9,45.71,98.78,99.18
14,1275,Office,114166,0,0,13.6,1,0,1,51.79,2578,844,2,0.62,0.66,0.85,0.84,1.1,1.12,42.04,48.78,79.59,70.61,75.31,81.22
14,1276,Office,53860,0,0,13.6,1,0,1,51.79,2578,844,2,0.62,0.66,0.82,0.84,1.1,1.12,42.04,48.78,70,70.61,75.31,81.22
14,1277,Office,45240,0,0,20.7,0,0,0,67.38,2578,844,2,0.58,0.59,0.8,0.77,0.89,0.84,33.88,31.84,61.63,55.1,35.1,28.57
14,1279,Office,64743,0,0,18.8,0,0,0,65.23,2578,844,2,0.58,0.59,0.82,0.77,0.89,0.84,33.88,31.84,70,55.1,35.1,28.57
14,1291,Office,237546,0,0,20,1,1,0,67.03,2578,844,2,0.89,0.73,0.8,0.8,0.99,0.96,95.51,64.29,61.63,61.43,49.59,44.69
14,1292,Office,58196,0,0,14.4,1,1,0,54.48,2578,844,2,0.61,0.59,0.65,0.67,0.99,0.94,38.78,31.84,30.82,32.65,49.59,41.22
14,1293,Office,51471,0,0,14.9,1,1,1,56.27,2578,844,2,0.73,0.7,0.8,0.77,0.99,0.96,66.73,57.96,61.63,55.1,49.59,44.69
14,1294,Office,15649,0,0,18,1,1,1,63.98,2578,844,2,0.62,0.65,0.78,0.76,0.98,1.03,42.04,46.33,55.71,50.82,46.73,58.37
14,1295,Office,115676,0,0,12.4,1,1,1,46.59,2578,844,2,0.72,0.68,0.78,0.73,1.01,0.97,63.47,52.45,55.71,43.27,55.51,46.53
14,1296,Office,8836,0,0,16.9,1,1,1,61.83,2578,844,2,0.8,0.76,0.84,0.84,1,0.98,82.65,71.63,77.14,70.61,52.65,48.16
14,1297,Office,21469,0,0,16.9,1,1,1,61.83,2578,844,2,0.8,0.76,0.84,0.84,1,0.98,82.65,71.63,77.14,70.61,52.65,48.16
14,1302,Office,90411,0,0,13.4,1,0,1,50.72,2578,844,2,0.63,0.67,0.72,0.76,1.05,0.96,45.1,50.61,42.04,50.82,64.69,44.69
14,1304,Office,91363,0,0,28,0,0,0,75.63,2578,844,3,0.77,0.78,0.81,0.81,0.87,0.91,77.96,77.14,64.9,63.88,32.65,36.73
14,1323,Office,87200,0,0,18,1,0,1,63.98,2578,844,2,0.68,0.69,0.84,0.88,1.1,1.01,56.12,54.9,77.14,80.41,75.31,55.31
15,1326,Office,46981,1962,0,24.3,1,1,0,72.4,3522,477,2,0.61,0.69,0.64,0.72,1.2,1.11,38.78,54.9,28.37,40.61,88.37,78.57
15,1333,Office,31316,1913,0,6,1,0,0,11.83,3522,477,1,0.45,0.58,0.47,0.61,0.89,0.83,14.08,28.16,9.59,19.8,35.1,26.53
15,1334,Office,130794,1933,0,7.2,1,0,0,21.51,3522,477,1,0.76,0.78,0.76,0.76,1.24,1.17,75.31,77.14,48.98,50.82,90.41,87.76
15,1336,Office,31053,1915,0,14.8,1,1,0,55.73,3522,477,2,0.75,0.78,0.76,0.83,1.16,1.05,72.45,77.14,48.98,67.55,83.47,64.69
15,1337,Office,14744,1910,0,8.4,1,1,0,26.7,3522,477,2,0.37,0.63,0.84,0.71,0.66,0.66,6.73,41.84,77.14,38.16,11.22,10.41
15,1343,Office,110380,1985,0,17.4,1,1,0,62.54,3522,477,2,0.79,0.83,0.88,0.88,0.96,0.93,80.41,88.16,84.9,80.41,42.65,39.59
15,1351,Office,40611,0,0,6.4,1,1,0,15.05,3522,477,1,0.73,0.75,0.73,0.87,0.92,1.04,66.73,68.16,43.67,76.73,38.57,61.84
15,1352,Office,42755,0,0,19.9,1,0,0,66.67,3522,477,2,0.65,0.72,0.69,0.84,1.32,1.19,48.78,62.45,36.33,70.61,93.47,88.78
15,1363,Office,157933,1932,0,13.4,1,1,0,50.72,3522,477,2,0.79,0.81,0.82,0.82,1.2,1.09,80.41,84.29,70,65.92,88.37,73.67
15,1366,Office,87977,1947,0,5.4,1,1,0,7.89,3522,477,1,0.55,0.52,0.5,0.47,1.01,1.07,30,21.02,11.22,9.18,55.51,69.39
15,1375,Office,115288,1957,0,9.9,1,1,0,34.59,3522,477,2,0.73,0.8,0.79,0.81,0.87,0.92,66.73,81.63,58.37,63.88,32.65,37.96
15,1379,Office,49553,1963,0,19.4,1,1,0,66.31,3522,477,2,0.82,0.84,0.83,0.85,1,1.03,85.71,89.8,74.69,72.86,52.65,58.37
15,1381,Office,84615,1963,0,7.5,1,1,0,23.3,3522,477,1,0.7,0.72,0.68,0.72,1.22,1.11,60.41,62.45,34.29,40.61,89.59,78.57
15,1387,Office,187041,1973,0,8.9,0,1,0,29.03,3522,477,2,0.72,0.79,0.82,0.9,1.05,1.12,63.47,79.59,70,85.31,64.69,81.22
15,1430,Office,53303,1981,0,70.2,0,1,0,87.1,3522,477,3,0.85,0.84,0.96,0.94,1.03,0.99,90.61,89.8,95.51,91.02,59.8,50.2
